Time,F_Scale,Location,County,State,Lat,Lon,Comments
2309,UNK,2 ENE Clinton,Henry,MO,38.38,-93.75,Tornado reported on the ground by storm chaser. (EAX)
Time,Speed,Location,County,State,Lat,Lon,Comments
1734,UNK,1 SE Lake Manitou,Fulton,IN,41.05,-86.17,Emergency Management reports portions of a flat roof at Elks Lodge ripped off. Time estimated by radar. (IWX)
1948,60,1 SW Cherryvale,Montgomery,KS,37.26,-95.57,Location estimated. (ICT)
1957,UNK,1 NNW Parsons Tri City,Montgomery,KS,37.35,-95.52,Semi was blown over on US 400 just east of US 169. (ICT)
2000,UNK,5 SE Mcclure,Henry,OH,41.32,-83.88,Barn collapse. (IWX)
2003,UNK,1 SSE Milton Center,Wood,OH,41.28,-83.81,Tree downed partially onto a moving car on OH 281 between Milton Road and Weston Road outside of Custar. (CLE)
2003,UNK,Milton Center,Wood,OH,41.3,-83.83,Tree and power-lines downed. Time estimated via radar. (CLE)
2008,UNK,Custar,Wood,OH,41.29,-83.84,Collapsed barn. Time estimated via radar. (CLE)
2012,UNK,Bowling Green,Wood,OH,41.37,-83.65,Tree and power-lines downed in Bowling Green. (CLE)
2026,UNK,Tiffin,Seneca,OH,41.12,-83.18,Corrects previous tstm wnd dmg report from Tiffin. Straight line wind damage... several power poles (6-8) knocked down. (CLE)
2030,70,1 N Martin,Ottawa,OH,41.55,-83.34,70mph wind gusts. (CLE)
2105,UNK,Tiffin,Seneca,OH,41.12,-83.18,Corrects previous tstm wnd dmg report from Tiffin. Straight line wind damage... several power poles (6-8) knocked down. (CLE)
2107,62,Pleasanton,Linn,KS,38.18,-94.71,(EAX)
2110,UNK,1 NNW Solon,Cuyahoga,OH,41.4,-81.45,Significant storm damage in Solon from a combination of wind and hail. Numerous trees were downed with some falling onto houses. Damage to siding and windows due to win (CLE)
2118,UNK,5 N Hiram,Geauga,OH,41.39,-81.13,Several trees down. Time estimated via radar. (CLE)
2135,UNK,Columbus,Cherokee,KS,37.16,-94.84,Tree down... road closed due to storm damage. (SGF)
2136,UNK,Columbus,Cherokee,KS,37.17,-94.85,Trees and powerlines down as well as considerable hail damage. (SGF)
2140,69,3 SW Paola,Miami,KS,38.55,-94.91,PWS measured wind gust... time estimated from radar. (EAX)
2145,UNK,Crestline,Cherokee,KS,37.18,-94.7,Powerlines down. (SGF)
2148,UNK,Bristolville,Trumbull,OH,41.39,-80.87,Significant damage from a combination of wind and hail in Bristolville... including downed trees and power polls along with damage to siding... roofs and windows. (CLE)
2148,UNK,Lewis Run,McKean,PA,41.87,-78.66,Trees and wires down near Lewis Run. (CTP)
2151,UNK,2 N Lewis Run,McKean,PA,41.9,-78.65,Trees and wires down near Custer City. (CTP)
2156,65,4 SSE Woodson,Throckmorton,TX,32.96,-99.02,65 mph winds from a storm southeast of Woodson along county line. Reported by Woodson VFD. (SJT)
2200,UNK,2 SSW Cortland,Trumbull,OH,41.31,-80.73,Tree down. (CLE)
2208,UNK,1 NE Cortland,Trumbull,OH,41.34,-80.71,Numerous branches broken. (CLE)
2210,UNK,Hartford,Trumbull,OH,41.31,-80.57,Several trees downed in Hartford Twp. (CLE)
2212,UNK,Coryville,McKean,PA,41.89,-78.39,Trees and wires down near Coryville. (CTP)
2215,UNK,3 W Greenville,Mercer,PA,41.41,-80.44,Several reports of trees and wires down in West Salem Township. Time estimated from radar. (PBZ)
2222,UNK,4 SSW Greenville,Mercer,PA,41.35,-80.4,Report from 511PA of tree down on W Kidds Mill Rd near Reynolds Industrial Park Rd. Time estimated based off radar. (PBZ)
2222,UNK,2 SSW Greenville,Mercer,PA,41.38,-80.4,Trees down. (PBZ)
2226,UNK,Tiffin,Seneca,OH,41.12,-83.18,Straight line wind damage... several power poles (6-8) knocked down. (CLE)
2228,UNK,3 ESE Prathersville,Clay,MO,39.29,-94.22,Damaged pole and downed wires south of Excelsior Springs. Time estimated from radar. (EAX)
2229,UNK,1 NE Tindall,Grundy,MO,40.17,-93.6,Downed wires near Mica Lane. Time estimated from radar. (EAX)
2240,UNK,Stoneboro,Mercer,PA,41.34,-80.11,Several reports of trees and wires down. Time estimated from radar. (PBZ)
2242,64,1 ENE Graham,Young,TX,33.11,-98.56,KRPH. Time estimated from radar. (FWD)
2245,UNK,Hiram,Portage,OH,41.31,-81.14,Two downed trees in Hiram. (CLE)
2245,UNK,1 E Sandy Lake,Mercer,PA,41.35,-80.07,A few reports of trees and wires down in Sandy Lake Township. Time estimated from radar. (PBZ)
2246,UNK,1 NW Lakemore,Summit,OH,41.04,-81.44,A few trees downed in Sawyerwood/Springfield Twp. (CLE)
2257,UNK,3 SE Mogadore,Portage,OH,41.02,-81.35,Several trees downed in Suffield Township. (CLE)
2258,60,Brookland,PA,Potter,PA,41.83,-77.8,Measured via Davis weather station. (CTP)
2259,UNK,Adrian,Bates,MO,38.4,-94.35,Taken from social media... video of bent power poles and shingles blown off house. Time estimated by radar. (EAX)
2304,UNK,1 NE Craig Beach,Mahoning,OH,41.13,-80.97,A couple of trees downed in Milton Twp near the Trumbull Co line. (CLE)
2310,UNK,6 SSE Harborcreek,Erie,PA,42.08,-79.9,Tree downed and blocking road. Time estimated via radar. (CLE)
2313,UNK,Avalon,Livingston,MO,39.67,-93.45,Metal roofing of building torn off. Time estimated from radar. (EAX)
2315,UNK,4 SSW Mckean,Erie,PA,41.95,-80.16,A few trees downed across central Erie County. (CLE)
2319,UNK,2 NW Edinboro,Erie,PA,41.9,-80.16,Pine tree snapped. (CLE)
2320,UNK,4 SSE Hornby,Steuben,NY,42.2,-77.02,Updates previous tstm wnd dmg report from 4 SSE Hornby. Tree and wires down on Mormon Hollow Road as per county dispatch feed. Also 3 power poles down. Radar-estimated (BGM)
2325,UNK,5 S Craig Beach,Mahoning,OH,41.04,-80.99,Tree downed. Time estimated via radar. (CLE)
2325,UNK,Brookfield,Trumbull,OH,41.23,-80.57,Trees downed in Brookfield. (CLE)
2326,UNK,Hubbard,Trumbull,OH,41.16,-80.57,Trees downed in and around Hubbard. (CLE)
2336,UNK,4 ENE Woodhull,Steuben,NY,42.1,-77.34,County Route 81 blocked by tree as per dispatch feed. Radar-estimated time. (BGM)
2338,UNK,5 ESE Woodhull,Steuben,NY,42.05,-77.32,County Route 100 with tree down blocking road as per county dispatch feed. Radar-estimated time. (BGM)
2338,UNK,Cherry Creek,Chautauqua,NY,42.3,-79.1,Reports of several trees... power lines and power poles downed across Cherry Creek. (BUF)
2341,UNK,Leon,Cattaraugus,NY,42.29,-79.02,Trees and wires downed in Leon. (BUF)
2344,UNK,Brookfield,Linn,MO,39.79,-93.08,Large limbs down... estimated 60 mph wind gusts. Time estimated from radar. (EAX)
2347,UNK,Cattaraugus,Cattaraugus,NY,42.33,-78.87,Several reports of trees and wires downed in Cattaraugus. (BUF)
2348,UNK,Lindley,Steuben,NY,42.03,-77.13,Tree on house through roof along Lindley Road as per county dispatch feed. Radar-estimated time. (BGM)
2348,UNK,Lindley,Steuben,NY,42.03,-77.14,Tree down on house on Caroline Drive. Radar-estimated time. (BGM)
2350,UNK,New Albion,Cattaraugus,NY,42.29,-78.89,Several reports of trees and wires downed in New Albion. (BUF)
2355,60,3 WNW Fremont,Mahaska,IA,41.23,-92.49,Delayed report. (DMX)
0004,UNK,Terral,Jefferson,OK,33.89,-97.94,Picture of large tree branches down on side of bridge. (OUN)
0007,UNK,Delevan,Cattaraugus,NY,42.49,-78.48,Several reports of trees and wires downed in Delevan. (BUF)
0009,UNK,1 SW Lime Lake-Machias,Cattaraugus,NY,42.42,-78.49,Several reports of trees and wires downed in Machias. (BUF)
0012,UNK,1 WSW Mosherville,Bradford,PA,41.98,-76.91,Wires down on Coryland Road near church. Radar-estimated time. (BGM)
0033,UNK,1 NE Ainsworth,Washington,IA,41.3,-91.54,Semi tipped over on US Highway 218. (DVN)
0035,UNK,2 NW Decaturville,Camden,MO,37.93,-92.73,Large tree down and other large limbs down. (SGF)
0038,UNK,3 SE Camdenton,Camden,MO,37.98,-92.7,Roof damage at the building near the airport. No additional info at this time. (SGF)
0040,UNK,Milan,Bradford,PA,41.92,-76.5,Tree down on wire... which caught fire. Bradley Road. Also at least pea-sized hail in the Athens-Milan area. Radar-estimated time. (BGM)
0051,UNK,11 ENE Alvord,Wise,TX,33.4,-97.51,Tree down on FM730 along with hail up to nickel size. (FWD)
0056,UNK,3 NNW Truman,Cameron,PA,41.49,-78.39,Trees down on wires along Beechwood Road. (CTP)
0058,UNK,Letts,Louisa,IA,41.33,-91.23,Powerlines down. Time estimated using radar. Also reported a funnel cloud. (DVN)
0058,UNK,2 WSW Alfred,Allegany,NY,42.25,-77.82,Quarter mile swath of tree and powerline damage on Water Wells Road in Alfred. Time estimated based on radar. (BUF)
0100,UNK,3 E Wann,Nowata,OK,36.92,-95.75,Downed tree blocking eastbound traffic on Highway 10. (TSA)
0100,UNK,1 E Windsor,Broome,NY,42.08,-75.63,Radar-estimated time. A couple trees down at Bridge Street and Chapel Street intersection... and East Windsor Road. As per dispatch feed. (BGM)
0112,UNK,1 N Force,Elk,PA,41.27,-78.49,Wires down on cars on Redwood Avenue. (CTP)
0114,UNK,Atoka,Atoka,OK,34.38,-96.13,NWSChat report of a few trees down through Atoka. (OUN)
0114,UNK,2 SE Seward,Winnebago,IL,42.22,-89.33,Possible tornado. Numerous trees damaged along Murphy Road... west of S Conger Road. (LOT)
0115,UNK,Eldridge,Laclede,MO,37.83,-92.75,Large downed tree blocking entire road. (SGF)
0139,UNK,Roxbury,Delaware,NY,42.28,-74.57,Wires down. (BGM)
0140,UNK,2 WNW Rolla,Phelps,MO,37.96,-91.81,A tree fell into the roadway on Y Highway northwest of Rolla. (SGF)
0142,UNK,1 WNW Rolla,Phelps,MO,37.95,-91.78,Thunderstorm winds downed a tree into the roadway. (SGF)
0150,UNK,Rolla,Phelps,MO,37.95,-91.77,Large tree down. (SGF)
0157,UNK,1 ENE Hazel,Sullivan,NY,41.93,-74.84,Tree down on road near Old 17 & Cashmere Road. (BGM)
0220,UNK,1 N Hackett,Sebastian,AR,35.2,-94.41,Tree blocking southbound lane at Highway 45 and Mt. Zion Road. Time estimated by radar. (TSA)
0220,UNK,1 SE Bonanza,Sebastian,AR,35.23,-94.42,Tree down blocking Bear Hollow Road near Highway 45. (TSA)
0222,UNK,2 WSW Boston,Barton,MO,37.4,-94.31,Thunderstorm winds downed a large tree over State Highway 126 west of I-49. (SGF)
0224,UNK,2 N Sherman,Grayson,TX,33.65,-96.61,Facebook photo showed a tree down on North Travis Street near US 75. (FWD)
0225,UNK,2 ESE Bonanza,Sebastian,AR,35.23,-94.4,Tree down near Bear Hollow Road and Bear Hollow Heights. Time estimated from radar. (TSA)
0226,59,Oronogo,Jasper,MO,37.19,-94.47,(SGF)
0235,UNK,1 ENE Oronogo,Jasper,MO,37.2,-94.45,Tree over the roadway. (SGF)
0236,UNK,6 E Trout Run,Lycoming,PA,41.4,-76.97,Large tree down blocking the roadway at Beech Valley Rd and Calvert Rd. (CTP)
0238,UNK,2 NNW Kaneville,Kane,IL,41.86,-88.53,semi overturned on I-88 westbound. Westbound shut down at Dauberman Road. (LOT)
0239,UNK,1 WNW Loyalsockville,Lycoming,PA,41.33,-76.95,Roof off a house on 5900 block Warrensville Rd. (CTP)
0240,UNK,1 SSW Kaneville,Kane,IL,41.82,-88.53,relayed by EM. power lines and possibly power poles down along Dauberman Road. (LOT)
0243,UNK,4 WSW Catskill,Greene,NY,42.2,-73.94,Tree down on Route 28A in the Town of Catskill. (ALY)
0244,UNK,3 ESE Elburn,Kane,IL,41.88,-88.42,trees reported down blocking roadway. Keslinger and Harley Roads. Vehicle then struck downed tree. no injuries reported. (LOT)
0250,UNK,2 S Ursula,Sebastian,AR,35.29,-94.09,Tree down near Highway 22 and Plantation Lane. Time estimated from radar. (TSA)
0250,UNK,Red Hook,Dutchess,NY,42,-73.88,Tree and wires down on Liden Avenue in Red Hook. (ALY)
0253,UNK,3 SSW Elizaville,Dutchess,NY,42.02,-73.81,Tree down blocking road at intersection of Hapeman Hill Road and Turkey Hill Road. (ALY)
0255,UNK,4 NNW Picture Rocks,Lycoming,PA,41.34,-76.73,Tree down on Dunwoody Rd. (CTP)
0258,UNK,3 E Picture Rocks,Lycoming,PA,41.28,-76.65,Tree down on roadway. (CTP)
0300,UNK,4 W Rosendale Village,Ulster,NY,41.85,-74.14,Tree down on residence on Atwood Road in Stone Ridge. (ALY)
0306,UNK,3 NW Biggertown,Lycoming,PA,41.29,-76.54,Tree down on 1800 block of PA 42. (CTP)
0306,UNK,2 S Pine Plains,Dutchess,NY,41.95,-73.65,Tree down on Route 82 and Strever Farm Road. (ALY)
0307,UNK,1 NNW Tillson,Ulster,NY,41.84,-74.08,Tree across Route 32 in Rosendale. (ALY)
0311,UNK,Millerton,Dutchess,NY,41.95,-73.51,Tree blocking lane at 5862 Elm Avenue in the Village of Millerton. (ALY)
0314,UNK,Hyde Park,Dutchess,NY,41.79,-73.94,Tree hanging on power lines at 18 Main Street in Hyde Park. (ALY)
0327,UNK,1 NNE Coal Hill,Johnson,AR,35.45,-93.66,Multiple trees down in Coal Hill and Hartman areas. (LZK)
0333,UNK,Dalton,Lackawanna,PA,41.54,-75.74,Tree down on Main St. (BGM)
0337,UNK,Havana,Yell,AR,35.11,-93.53,Tree fell onto a storm shelter. (LZK)
0344,UNK,1 SSE Clarksville,Johnson,AR,35.46,-93.46,Corrects previous tstm wnd dmg report from 1 SSE Clarksville. Tree on house. Time based on radar. (LZK)
0344,UNK,2 NE Torrington,Litchfield,CT,41.83,-73.09,Tree down blocking roadway on Torringford West Street. (ALY)
0350,67,1 NW Fells Corners,Lackawanna,PA,41.31,-75.55,PADOT Station 11339 1 NW Fells Corners. (BGM)
0354,UNK,Moscow,Lackawanna,PA,41.34,-75.53,Tree down on roadway in Moscow. (BGM)
0403,UNK,1 SSE Clarksville,Johnson,AR,35.46,-93.46,Tree on house. (LZK)
0421,UNK,3 SW Twin Lakes,Pike,PA,41.37,-74.96,Wires down on Springbrook Road. (BGM)
0423,63,1 S Watova,Nowata,OK,36.6,-95.66,(TSA)
Time,Size,Location,County,State,Lat,Lon,Comments
1356,100,3 SW Woodville,Marshall,OK,33.94,-96.69,Report from mPING: Quarter (1.00 in.). (OUN)
1501,100,1 ESE Schuyler,Colfax,NE,41.45,-97.05,(OAX)
1502,100,2 S Schuyler,Colfax,NE,41.42,-97.06,(OAX)
1504,100,2 E Schuyler,Colfax,NE,41.45,-97.02,(OAX)
1510,100,Rogers,Colfax,NE,41.47,-96.91,(OAX)
1534,100,1 N Winslow,Dodge,NE,41.63,-96.5,(OAX)
1555,100,3 NNW Herman,Burt,NE,41.71,-96.24,(OAX)
1610,150,4 S Pisgah,Harrison,IA,41.77,-95.92,(OAX)
1618,100,Pisgah,Harrison,IA,41.84,-95.93,(OAX)
1633,175,Dunlap,Harrison,IA,41.85,-95.6,(OAX)
1635,175,Dunlap,Harrison,IA,41.85,-95.6,All windows broken on the west side of home. (OAX)
1643,150,Dow City,Crawford,IA,41.93,-95.49,(DMX)
1651,200,2 E Buck Grove,Crawford,IA,41.91,-95.35,Time estimated from radar. (DMX)
1654,175,3 E Buck Grove,Crawford,IA,41.92,-95.34,Between Ping Ball and Golf Ball size. (DMX)
1654,150,1 WNW Denison,Crawford,IA,42.02,-95.37,Social media picture of measured hail near the Denison Hospital. Time estimated from radar. (DMX)
1705,175,Vail,Crawford,IA,42.06,-95.2,(DMX)
1710,150,4 W Henderson,Hamilton,NE,40.78,-97.88,Picture from Facebook. Time estimated from radar. (GID)
1712,150,2 N Buck Grove,Crawford,IA,41.95,-95.4,(DMX)
1732,250,3 WSW Glidden,Carroll,IA,42.05,-94.79,(DMX)
1733,150,Glidden,Carroll,IA,42.06,-94.73,(DMX)
1735,150,3 N York,York,NE,40.92,-97.6,Mostly 1/2 to 3/4 inch hail with a few up to 1.5 inches. Ground was almost white for a few minutes but rapidly melted. (GID)
1749,100,6 NE Ralston,Greene,IA,42.11,-94.57,Time estimated from radar. (DMX)
1752,200,Claypool,Kosciusko,IN,41.13,-85.88,Broadcast media relayed a photo from the public of what is estimated to be between 2 and 2.25 inch hail in Claypool. Delayed report and time estimated by radar. (IWX)
1755,125,1 NNE Claypool,Kosciusko,IN,41.14,-85.87,Hail ranging from marble to half dollar size reported on the northeast side of Claypool. (IWX)
1800,100,2 ESE Winona Lake,Kosciusko,IN,41.21,-85.79,Reported at the Stonehenge Golf Course. (IWX)
1817,100,3 ESE Ulysses,Butler,NE,41.05,-97.15,(OAX)
1822,200,2 SSW Dwight,Butler,NE,41.06,-97.04,(OAX)
1826,175,Dwight,Butler,NE,41.08,-97.02,Lots of quarter to golf ball sized hail. damage to vinyl siding. (OAX)
1840,100,4 NNW Valparaiso,Saunders,NE,41.13,-96.86,(OAX)
1900,100,1 W Story City,Story,IA,42.19,-93.62,(DMX)
1904,125,Story City,Story,IA,42.18,-93.59,(DMX)
1905,100,2 NNE Wahoo,Saunders,NE,41.24,-96.6,(OAX)
1905,100,Hicksville,Defiance,OH,41.29,-84.77,(IWX)
1918,100,2 E Wolco,Osage,OK,36.54,-96.03,Report from mPING: Quarter (1.00 in.). (TSA)
1925,100,Ochelata,Washington,OK,36.6,-95.98,Photo shared on social media. (TSA)
1932,150,Defiance,Defiance,OH,41.27,-84.36,(IWX)
1948,100,1 SW Cherryvale,Montgomery,KS,37.26,-95.57,Location estimated. (ICT)
1951,175,Cherryvale,Montgomery,KS,37.27,-95.55,(ICT)
2021,175,5 WNW Erie,Neosho,KS,37.6,-95.32,Hospital EM reported golf ball sized hail at 160th and Marshall in Shaw. (ICT)
2034,100,3 E Tiffin,Seneca,OH,41.11,-83.11,(CLE)
2040,175,Solon,Cuyahoga,OH,41.37,-81.42,Corrects previous hail report from Solon. Images shared via social media of large hail. (CLE)
2042,100,Wichita Falls,Wichita,TX,33.91,-98.49,Wichita County Skywarn reports Quarters in downtown Wichita Falls. (OUN)
2047,100,1 NE Parma,Cuyahoga,OH,41.4,-81.71,(CLE)
2048,100,1 ESE Parma Heights,Cuyahoga,OH,41.38,-81.75,(CLE)
2048,100,Collins,Story,IA,41.9,-93.31,(DMX)
2049,125,1 W Coffeyville,Montgomery,KS,37.04,-95.65,(ICT)
2055,200,1 N Seven Hills,Cuyahoga,OH,41.4,-81.68,Updated previous hail report from 1 N Seven Hills to 2 inch diameter hail. (CLE)
2056,100,Pawhuska,Osage,OK,36.67,-96.33,(TSA)
2056,100,2 SE Muncie,Wyandotte,KS,39.06,-94.73,Mping report. (EAX)
2058,150,1 NNE Seven Hills,Cuyahoga,OH,41.39,-81.66,(CLE)
2100,125,Bedford,Cuyahoga,OH,41.39,-81.53,(CLE)
2102,200,Bedford,Cuyahoga,OH,41.39,-81.54,Picture of hail slightly over 2 inch in diameter hail received from Bedford. (CLE)
2103,100,5 SSW Norwalk,Huron,OH,41.17,-82.64,(CLE)
2103,175,1 SW Maple Heights,Cuyahoga,OH,41.39,-81.57,(CLE)
2103,200,1 NNE Bedford,Cuyahoga,OH,41.4,-81.53,(CLE)
2103,200,1 SE North Randall,Cuyahoga,OH,41.42,-81.52,Hail lasted 10 to 15 minutes ranging in size from 1.00 to 2.00 inches in diameter. (CLE)
2109,125,4 WSW Republic,Seneca,OH,41.11,-83.09,(CLE)
2109,100,Solon,Cuyahoga,OH,41.39,-81.44,(CLE)
2109,150,2 SSW Moreland Hills,Cuyahoga,OH,41.42,-81.44,Delayed report. Time estimated via radar. (CLE)
2111,100,Chetopa,Labette,KS,37.04,-95.09,(ICT)
2113,125,3 WNW Osborn,DeKalb,MO,39.76,-94.4,Social media report and video. Time estimated from radar. (EAX)
2115,125,Walnut,Crawford,KS,37.6,-95.08,(SGF)
2115,100,2 WSW Johnston,Polk,IA,41.66,-93.76,Trained spotter sent a picture of a hail stone 1 inch in diameter. (DMX)
2116,100,Bainbridge,Geauga,OH,41.39,-81.34,Corrects previous hail report from Bainbridge. Public report of significant accumulation of one inch and greater hail. (CLE)
2117,100,1 NW Kearney,Clay,MO,39.38,-94.37,(EAX)
2119,150,3 SE Maysville,DeKalb,MO,39.86,-94.32,Social media report and video of ping pong ball size hail northwest of Cameron. Time estimated from radar. (EAX)
2120,100,3 N Osborn,DeKalb,MO,39.79,-94.36,Report from social media. Time estimated from radar. (EAX)
2120,175,2 NW Bainbridge,Geauga,OH,41.41,-81.36,Report from mPING: Golf Ball (1.75 in.). (CLE)
2121,200,5 E Bainbridge,Geauga,OH,41.39,-81.25,Time estimated via radar. (CLE)
2122,100,Faulkner,Cherokee,KS,37.11,-95.01,Also report of 60mph winds. (SGF)
2122,100,3 NNW Darlington,Gentry,MO,40.24,-94.43,Time estimated from radar. (EAX)
2123,100,2 N Buck Grove,Crawford,IA,41.95,-95.4,(DMX)
2125,100,6 SW Jolly,Clay,TX,33.81,-98.42,Additional reports of Quarter sized hail and 3 inch tree limbs down at 1954 and Pocahontas. (OUN)
2126,125,3 E Maysville,DeKalb,MO,39.89,-94.3,Social media report. Time estimated from radar. (EAX)
2126,100,Weatherby,DeKalb,MO,39.91,-94.24,Report relayed via social media. Time estimated from radar. (EAX)
2127,175,Kipton,Lorain,OH,41.27,-82.3,(CLE)
2128,100,La Porte City,Black Hawk,IA,42.32,-92.19,Nickel to quarter sized hail in La Porte City. (DMX)
2129,100,6 NW Lake Arrowhead,Clay,TX,33.79,-98.42,Report from mPING: Quarter (1.00 in.). (OUN)
2129,150,1 ESE Weatherby,DeKalb,MO,39.91,-94.23,Social media report and photos. Time estimated from radar. (EAX)
2131,100,3 WSW Columbus,Cherokee,KS,37.15,-94.89,Quarter size hail. (SGF)
2131,150,Columbus,Cherokee,KS,37.17,-94.84,Ping Pong size hail... 40mph wind gust... torrential rainfall. (SGF)
2131,100,Le Grand,Marshall,IA,42.01,-92.78,(DMX)
2132,175,1 SSE Bartlesville,Washington,OK,36.73,-95.98,(TSA)
2132,100,Bartlesville,Washington,OK,36.74,-95.98,Hail starting to cover the ground. Relayed by HAM Radio. (TSA)
2132,250,Osawatomie,Miami,KS,38.5,-94.95,Several social media photos and videos of hail up to tennis ball size in Osawatomie. Multiple homes and vehicles were damaged... with many windows and windshields crack (EAX)
2134,200,3 SSE Bartlesville,Washington,OK,36.7,-95.95,Sporadic two inch hail stones. (TSA)
2134,150,3 E Bartlesville,Washington,OK,36.73,-95.92,Report from mPING: Ping Pong Ball (1.50 in.). (TSA)
2135,150,1 ENE Osawatomie,Miami,KS,38.51,-94.93,Report of ping pong sized hail. Time estimated from radar. (EAX)
2135,100,Winterset,Madison,IA,41.34,-94.01,(DMX)
2135,125,Winterset,Madison,IA,41.34,-94.02,Picture on social media of a measured half dollar size hail stone. (DMX)
2135,200,3 E Montour,Tama,IA,42,-92.67,Delayed report. Time estimated by radar. (DMX)
2137,275,4 NNE Osawatomie,Miami,KS,38.55,-94.93,Photo from social media shows hail approximately baseball sized. Time estimated from radar. (EAX)
2138,175,3 ENE Montour,Tama,IA,42,-92.65,Ping Pong to Golf Ball. (DMX)
2139,250,3 W Toledo,Tama,IA,42,-92.63,(DMX)
2140,250,1 WSW Paola,Miami,KS,38.57,-94.88,Measured 2.5 inch hail in downtown Paola. Time estimated from radar. (EAX)
2140,400,Paola,Miami,KS,38.58,-94.87,Time estimated from radar. (EAX)
2140,200,3 W Toledo,Tama,IA,42,-92.63,(DMX)
2146,200,5 E West Farmington,Trumbull,OH,41.39,-80.87,Time estimated via radar. (CLE)
2147,100,2 S Hamilton,Caldwell,MO,39.72,-94,Taken from social media... time estimated from radar. (EAX)
2148,200,4 NE Coffey,Harrison,MO,40.15,-93.97,photo relayed via social media. (EAX)
2148,125,2 W Grafton,Lorain,OH,41.27,-82.07,Time estimated via radar. (CLE)
2148,200,Bristolville,Trumbull,OH,41.39,-80.87,Corrects previous hail report from Bristolville. Social media images of large hail and damaged vehicles. (CLE)
2150,200,3 SSE Hillsdale,Miami,KS,38.62,-94.84,Report relayed via social media. Time estimated from radar. (EAX)
2152,300,4 NNW Coffey,Harrison,MO,40.15,-94.03,EM passed along report of estimated 3 inch hail from deputy. Time estimated from radar. (EAX)
2153,100,3 E Hamilton,Caldwell,MO,39.74,-93.95,Social media report. Time estimated from radar. (EAX)
2153,100,Grafton,Lorain,OH,41.28,-82.05,(CLE)
2156,125,1 N East Lynne,Cass,MO,38.68,-94.23,Social media report. Time estimated from radar. (EAX)
2200,125,2 WNW Kingsville,Johnson,MO,38.76,-94.1,Taken from social media... estimated ping pongs. Time estimated from radar. (EAX)
2200,100,I271 in Bedford,Cuyahoga,OH,41.39,-81.51,Significant accumulation of hail on I271 creating a slush and slowing traffic. (CLE)
2201,175,4 SSE Woodson,Throckmorton,TX,32.96,-99.02,Reported Golfball size hail along county line southeast of Woodson by Woodson VFD. (SJT)
2202,100,Strasburg,Cass,MO,38.76,-94.17,Social media report of quarter size hail in the Strasburg area. Time estimated from radar. (EAX)
2204,175,7 SW Mount Moriah,Harrison,MO,40.26,-93.89,Several social media reports of hail up to golf ball size east of Bethany. Time estimated from radar. (EAX)
2206,100,1 SW Maywood,Jackson,MO,39.08,-94.46,Video from social media shows estimated quarter sized hail. Time taken from social media and confirmed by radar. (EAX)
2206,100,Mecca,Trumbull,OH,41.39,-80.72,Intersection of SR 88 and Phillips Rice Rd. (CLE)
2210,100,1 NW Independence,Jackson,MO,39.1,-94.43,Time estimated from radar. (EAX)
2211,100,2 NW Merriam,Wyandotte,KS,39.05,-94.71,Report from mPING: Quarter (1.00 in.). (EAX)
2213,150,3 N Orangeville,Mercer,PA,41.39,-80.52,Report from mPING: Ping Pong Ball (1.50 in.). (PBZ)
2214,175,2 NE Orangeville,Mercer,PA,41.37,-80.51,(PBZ)
2214,125,3 W Greenville,Mercer,PA,41.39,-80.43,(PBZ)
2216,100,Bainbridge,Geauga,OH,41.39,-81.34,Public report of significant accumulation of one inch and greater hail. (CLE)
2220,175,3 SW Graham,Young,TX,33.07,-98.62,Golf ball sized hail reported by Hraham PD at HWY 67 near Medlan Chapen Rd. (FWD)
2220,100,4 SW Raytown,Jackson,MO,38.96,-94.51,Report from mPING: Quarter (1.00 in.). (EAX)
2220,100,1 SW Kansas City Kansas,Wyandotte,KS,39.11,-94.63,Report from mPING: Quarter (1.00 in.). (EAX)
2220,125,3 WNW Trenton,Grundy,MO,40.1,-93.68,Half dollar sized hail reported at Crowder State Park. (EAX)
2222,100,Greenville,Mercer,PA,41.41,-80.38,(PBZ)
2226,100,3 NW Oak Grove,Jackson,MO,39.04,-94.15,Report from mPING: Quarter (1.00 in.). (EAX)
2227,150,1 SSW Graham,Young,TX,33.08,-98.58,Photos on X showed ping pong ball size hail on the south side of Graham along Hwy 16. (FWD)
2230,100,4 SW Graham,Young,TX,33.06,-98.63,(FWD)
2230,100,Wadsworth,Medina,OH,41.02,-81.73,Mainly dime to penny-sized but some as large as quarters. (CLE)
2230,150,3 NE Fredonia,Mercer,PA,41.35,-80.23,Public shared a picture of ping pong ball size hail on social media. Time estimated based off radar. (PBZ)
2231,100,3 S Vinton,Benton,IA,42.12,-92.03,(DVN)
2234,100,5 ESE Clare,Johnson,KS,38.81,-94.78,Report relayed via social media. Time estimated from radar. (EAX)
2234,100,3 S Sheakleyville,Mercer,PA,41.4,-80.22,Report from mPING: Quarter (1.00 in.). (PBZ)
2236,125,4 NW Stoneboro,Mercer,PA,41.39,-80.16,Report from mPING: Half Dollar (1.25 in.). (PBZ)
2238,100,3 W Chariton,Lucas,IA,41.02,-93.37,Largest hail was quarter sized. (DMX)
2238,100,2 NW Sandy Lake,Mercer,PA,41.37,-80.1,Report from mPING: Quarter (1.00 in.). (PBZ)
2240,175,Solon,Cuyahoga,OH,41.37,-81.42,Images shared via social media of large hail. (CLE)
2241,100,2 NE Stanley,Johnson,KS,38.87,-94.63,Mping report. (EAX)
2241,125,3 E Lawson,Ray,MO,39.44,-94.15,Taken from social media. Time estimated by radar. (EAX)
2242,100,1 NW Chariton,Lucas,IA,41.03,-93.32,Quarter-sized hail on NW side of Chariton. (DMX)
2242,100,2 W New Lebanon,Mercer,PA,41.42,-80.12,Report from mPING: Quarter (1.00 in.). (PBZ)
2243,100,1 W Stanley,Johnson,KS,38.85,-94.68,Report from mPING: Quarter (1.00 in.). (EAX)
2243,175,1 S Chariton,Lucas,IA,41.01,-93.31,Trained spotter reports hail of varying size... with the largest stones golf ball size. (DMX)
2243,100,Chariton,Lucas,IA,41.02,-93.31,Largest stones were quarter sized. (DMX)
2244,125,2 NW Knoxville,Ray,MO,39.47,-94.04,(EAX)
2245,100,1 W Stanley,Johnson,KS,38.85,-94.68,Estimated quarter sized hail from spotter... time estimated by radar. (EAX)
2245,125,3 NNW Knoxville,Ray,MO,39.48,-94.04,Social media report. Time confirmed from radar. (EAX)
2245,200,Chariton,Lucas,IA,41.02,-93.31,Picture of 2 inch diameter hail shared by broadcast media. (DMX)
2245,175,3 SW Polk,Venango,PA,41.34,-79.98,Hail size estimated from photo. (PBZ)
2247,125,3 NW Knoxville,Ray,MO,39.49,-94.05,Report from mPING: Half Dollar (1.25 in.). (EAX)
2248,200,Bristolville,Trumbull,OH,41.39,-80.87,Social media images of large hail and damaged vehicles. (CLE)
2258,125,2 S Kingston,Caldwell,MO,39.61,-94.04,(EAX)
2305,100,5 ESE Brimfield,Portage,OH,41.05,-81.27,Quarter sized hail reported by the public. (CLE)
2306,150,1 S Cranberry,Venango,PA,41.33,-79.72,(PBZ)
2310,200,Ardmore,Carter,OK,34.17,-97.14,X Post with Picture. (OUN)
2310,100,3 ESE Cranberry,Venango,PA,41.33,-79.67,(PBZ)
2310,150,1 WNW Cranberry,Venango,PA,41.36,-79.74,(PBZ)
2315,100,1 NW Riverton,Cherokee,KS,37.09,-94.72,Quarter size hail. (SGF)
2322,175,Breckenridge,Stephens,TX,32.76,-98.91,Several Facebook reports and photos of up to golfball size hail in Breckenridge. (FWD)
2324,125,1 E Breckenridge,Stephens,TX,32.75,-98.89,Report from mPING Half Dollar 1.25 in. (FWD)
2327,125,Breckenridge,Stephens,TX,32.75,-98.91,Viewer sent broadcast media a picture of quarter to half dollar sized hail on south Miller Street near downtown Breckenridge. (FWD)
2327,100,10 SE Graham,Young,TX,33,-98.45,Video on X showed hail up to quarter size at Hwy 16 and FM 1191. (FWD)
2327,125,4 S Stillwater,Payne,OK,36.06,-97.06,(OUN)
2330,175,Harriet,Tom Green,TX,31.55,-100.32,(SJT)
2335,100,7 WNW Graford,Palo Pinto,TX,32.99,-98.36,From spotter network. (FWD)
2344,100,Ardmore,Carter,OK,34.17,-97.14,(OUN)
2345,100,1 SW Franklin,Venango,PA,41.38,-79.85,Corrects previous hail report from 1 SW Franklin. (PBZ)
2348,100,2 NE Ardmore,Carter,OK,34.2,-97.12,Report from mPING: Quarter (1.00 in.). (OUN)
2348,100,5 WSW Galt,Grundy,MO,40.11,-93.48,Public/Social media report... time estimated from radar. (EAX)
2350,175,Miles,Runnels,TX,31.6,-100.18,(SJT)
2350,100,Nora,Jo Daviess,IL,42.46,-89.94,(DVN)
2357,150,7 SE Jacksboro,Jack,TX,33.14,-98.08,Facebook video showed hail up to half dollar size and estimated 50-60 mph winds near the Hwy 199/281 split southeast of Jacksboro. (FWD)
0000,100,7 SE Jacksboro,Jack,TX,33.14,-98.08,(FWD)
0004,100,1 NNE Lowake,Concho,TX,31.57,-100.07,Time estimated via radar. (SJT)
0015,100,Runaway Bay,Wise,TX,33.17,-97.87,Report and video on X showed up to quarter size hail fell in Runaway Bay. (FWD)
0019,100,1 W Unionville,Putnam,MO,40.48,-93.03,Social media report. Time estimated from radar. (EAX)
0042,100,Riverside,Washington,IA,41.49,-91.58,(DVN)
0043,100,2 ESE Camdenton,Camden,MO,37.99,-92.71,Quarter size hail. (SGF)
0102,100,1 ENE Coffeyville,Montgomery,KS,37.05,-95.61,Mostly dimes with a few quarters and torrential rainfall. (ICT)
0120,100,Winnebago,Winnebago,IL,42.27,-89.24,(LOT)
0121,125,3 N Ames,Story,IA,42.07,-93.63,Nickel to half dollar size. (DMX)
0124,100,1 S Gilbert,Story,IA,42.09,-93.65,Relayed by EM. (DMX)
0127,100,4 ENE Winnebago,Winnebago,IL,42.3,-89.17,reported at WIFR. (LOT)
0129,100,Madrid,Boone,IA,41.88,-93.82,(DMX)
0132,100,Hales Corners,Milwaukee,WI,42.94,-88.05,Mping report out of Hales Corners. Time estimated from radar. (MKX)
0134,100,2 SE Elkhorn,Walworth,WI,42.65,-88.51,(MKX)
0135,100,Earlham,Madison,IA,41.49,-94.12,(DMX)
0136,100,6 NE Ames,Story,IA,42.08,-93.54,Relayed from Spotter Network. (DMX)
0145,100,Poplar Grove,Boone,IL,42.37,-88.82,relayed by broadcast media. (LOT)
0147,100,1 S Mccallsburg,Story,IA,42.15,-93.39,Relayed by EM. (DMX)
0150,175,1 WNW Gowrie,Webster,IA,42.28,-94.3,Largest hail is golf ball size. (DMX)
0200,175,3 SSE Nevada,Story,IA,41.98,-93.43,(DMX)
0208,100,2 W Colo,Story,IA,42.02,-93.35,(DMX)
0225,100,3 WSW Ponca City,Kay,OK,36.69,-97.14,Near US highway 60 and OK highway 156. (OUN)
0227,100,5 SW Hendrix,Grayson,TX,33.72,-96.46,Report from mPING. (FWD)
0254,100,Brownwood,Brown,TX,31.71,-98.99,Time estimated via radar. (SJT)
